Nom de categoria,URL,Número de productes,Número de pàgines
Productos Frescos,https://www.carrefour.es/supermercado/productos-frescos/cat20002/c,1008,42
La Despensa,https://www.carrefour.es/supermercado/la-despensa/cat20001/c,1008,42
Bebidas,https://www.carrefour.es/supermercado/bebidas/cat20003/c,1008,42
Limpieza y Hogar,https://www.carrefour.es/supermercado/limpieza-y-hogar/cat20005/c,1008,42
Perfumería e Higiene,https://www.carrefour.es/supermercado/perfumeria-e-higiene/cat20004/c,1008,42
Congelados,https://www.carrefour.es/supermercado/congelados/cat21449123/c,726,31
Bebé,https://www.carrefour.es/supermercado/bebe/cat20006/c,516,22
Mascotas,https://www.carrefour.es/supermercado/mascotas/cat20007/c,282,12
Parafarmacia,https://www.carrefour.es/supermercado/parafarmacia/cat20008/c,813,34
