Descripció,Preu unitari,Preu/kg,URL,Imatge
Fresón tarrina origen Huelva 500 g,"2,45 €","4,90 €/kg",https://www.carrefour.es/supermercado/freson-tarrina-origen-huelva-500-g/R-521032196/p,https://static.carrefour.es/hd_350x_/img_pim_food/035923_00_1.jpg
Banana a granel 1 Kg aprox,,"1,09 €/kg",https://www.carrefour.es/supermercado/banana-a-granel-1-kg-aprox/R-529921745/p,https://static.carrefour.es/hd_350x_/img_pim_food/035834_00_1.jpg
Crema de queso Original Philadelphia 350 g.,"3,65 €","10,43 €/kg",https://www.carrefour.es/supermercado/crema-de-queso-original-philadelphia-350-g/R-704404251/p,https://static.carrefour.es/hd_350x_/img_pim_food/409343_00_1.jpg
Colas de langostino al ajillo Aguinamar 105 g,"3,49 €","33,24 €/kg",https://www.carrefour.es/supermercado/colas-de-langostino-al-ajillo-aguinamar-105-g/R-533001742/p,https://static.carrefour.es/hd_350x_/img_pim_food/114810_00_1.jpg
Barra de pan pistola Carrefour 250 g,"0,46 €","1,84 €/kg",https://www.carrefour.es/supermercado/barra-de-pan-pistola-carrefour-250-g/R-527063193/p,https://static.carrefour.es/hd_350x_/img_pim_food/216537_00_1.jpg
Queso rallado mozzarella Carrefour 200 g.,"1,59 €","7,95 €/kg",https://www.carrefour.es/supermercado/queso-rallado-mozzarella-carrefour-200-g/R-521030768/p,https://static.carrefour.es/hd_350x_/img_pim_food/710785_00_1.jpg
Baguette Carrefour 1 ud,"0,55 €","2,20 €/kg",https://www.carrefour.es/supermercado/baguette-carrefour-1-ud/R-525964668/p,https://static.carrefour.es/hd_350x_/img_pim_food/262274_00_1.jpg
Barra de pan pistola Carrefour 3 ud,"1,09 €","0,36 €/ud",https://www.carrefour.es/supermercado/barra-de-pan-pistola-carrefour-3-ud/R-575702279/p,https://static.carrefour.es/hd_350x_/img_pim_food/668138_00_1.jpg
Zanahoria Carrefour 1 kg,"0,99 €","0,99 €/kg",https://www.carrefour.es/supermercado/zanahoria-carrefour-1-kg/R-fprod1410012/p,https://static.carrefour.es/hd_350x_/img_pim_food/235422_00_1.jpg
Crema de queso light Philadelphia 350 g.,"3,65 €","10,43 €/kg",https://www.carrefour.es/supermercado/crema-de-queso-light-philadelphia-350-g/R-704404249/p,https://static.carrefour.es/hd_350x_/img_pim_food/409338_00_1.jpg
"Calabacín Carrefour a granel 1,2 kg aprox",,"1,39 €/kg",https://www.carrefour.es/supermercado/calabacin-carrefour-a-granel-12-kg-aprox/R-VC4AECOMM-431967/p,https://static.carrefour.es/hd_350x_/img_pim_food/431967_00_1.jpg
Tomate pera Carrefour 1 kg aprox,"2,05 €","2,05 €/kg",https://www.carrefour.es/supermercado/tomate-pera-carrefour-1-kg-aprox/R-VC4AECOMM-646403/p,https://static.carrefour.es/hd_350x_/img_pim_food/646403_00_1.jpg
Bacón sabor ahumado en tiras Carrefour El Mercado sin gluten pack de 2 unidades de 100 g,"2,59 €","12,95 €/kg",https://www.carrefour.es/supermercado/bacon-sabor-ahumado-en-tiras-carrefour-el-mercado-sin-gluten-pack-de-2-unidades-de-100-g/R-VC4AECOMM-710259/p,https://static.carrefour.es/hd_350x_/img_pim_food/710259_00_1.jpg
Queso rallado cuatro quesos Carrefour 200 g.,,"9,50 €/kg",https://www.carrefour.es/supermercado/queso-rallado-cuatro-quesos-carrefour-200-g/R-521030772/p,https://static.carrefour.es/hd_350x_/img_pim_food/712501_00_1.jpg
Guacamole Carrefour 200 g,"1,69 €","8,45 €/kg",https://www.carrefour.es/supermercado/guacamole-carrefour-200-g/R-prod1160715/p,https://static.carrefour.es/hd_350x_/img_pim_food/208412_00_1.jpg
Crema de queso de untar natural Philadelphia pack de 2 unidades de 250 g.,"4,89 €","9,78 €/kg",https://www.carrefour.es/supermercado/crema-de-queso-de-untar-natural-philadelphia-pack-de-2-unidades-de-250-g/R-854600355/p,https://static.carrefour.es/hd_350x_/img_pim_food/084438_00_1.jpg
Tomate ensalada 1 kg aprox,"1,95 €","1,95 €/kg",https://www.carrefour.es/supermercado/tomate-ensalada-1-kg-aprox/R-530067024/p,https://static.carrefour.es/hd_350x_/img_pim_food/050265_00_1.jpg
Pimiento verde Italiano 1 kg aprox,"2,59 €","2,59 €/kg",https://www.carrefour.es/supermercado/pimiento-verde-italiano-1-kg-aprox/R-536001616/p,https://static.carrefour.es/hd_350x_/img_pim_food/050257_00_1.jpg
Cebolla Carrefour 1 kg,"2,40 €","2,40 €/kg",https://www.carrefour.es/supermercado/cebolla-carrefour-1-kg/R-521032276/p,https://static.carrefour.es/hd_350x_/img_pim_food/235457_00_1.jpg
Queso gouda holland en lonchas Carrefour 200 g.,"1,64 €","8,20 €/kg",https://www.carrefour.es/supermercado/queso-gouda-holland-en-lonchas-carrefour-200-g/R-521030730/p,https://static.carrefour.es/hd_350x_/img_pim_food/559857_00_1.jpg
Espinacas en hojas Findus 1 kg.,"5,45 €","5,45 €/kg",https://www.carrefour.es/supermercado/espinacas-en-hojas-findus-1-kg/R-714518114/p,https://static.carrefour.es/hd_350x_/img_pim_food/435038_00_1.jpg
Patata Lavada Carrefour 1 kg aprox,"1,95 €","1,95 €/kg",https://www.carrefour.es/supermercado/patata-lavada-carrefour-1-kg-aprox/R-VC4AECOMM-572092/p,https://static.carrefour.es/hd_350x_/img_pim_food/572092_00_1.jpg
Tomate rama Carrefour 1 kg aprox,"2,05 €","2,05 €/kg",https://www.carrefour.es/supermercado/tomate-rama-carrefour-1-kg-aprox/R-530913262/p,https://static.carrefour.es/hd_350x_/img_pim_food/718723_00_1.jpg
Naranja de mesa Carrefour 1 Kg aprox,,"1,39 €/kg",https://www.carrefour.es/supermercado/naranja-de-mesa-carrefour-1-kg-aprox/R-VC4AECOMM-494114/p,https://static.carrefour.es/hd_350x_/img_pim_food/494114_00_1.jpg
Panecillo gran reserva Carrefour 1 ud,"0,32 €","4,92 €/kg",https://www.carrefour.es/supermercado/panecillo-gran-reserva-carrefour-1-ud/R-prod211488/p,https://static.carrefour.es/hd_350x_/img_pim_food/902215_00_1.jpg
Lechuga iceberg Carrefour 1 ud,,"1,62 €/kg",https://www.carrefour.es/supermercado/lechuga-iceberg-carrefour-1-ud/R-fprod1190510/p,https://static.carrefour.es/hd_350x_/img_pim_food/235341_00_1.jpg
Bacon en lonchas Carrefour El Mercado sin gluten 200 g,,"9,95 €/kg",https://www.carrefour.es/supermercado/bacon-en-lonchas-carrefour-el-mercado-sin-gluten-200-g/R-VC4AECOMM-710687/p,https://static.carrefour.es/hd_350x_/img_pim_food/710687_00_1.jpg
Baguette 2 ud,"0,96 €","1,92 €/kg",https://www.carrefour.es/supermercado/baguette-2-ud/R-584501495/p,https://static.carrefour.es/hd_350x_/img_pim_food/126922_00_1.jpg
Queso edam en lonchas Carrefour 200 g.,"1,57 €","7,85 €/kg",https://www.carrefour.es/supermercado/queso-edam-en-lonchas-carrefour-200-g/R-521030728/p,https://static.carrefour.es/hd_350x_/img_pim_food/559836_00_1.jpg
Berenjena Carrefour a granel 1 kg aprox,"1,89 €","1,89 €/kg",https://www.carrefour.es/supermercado/berenjena-carrefour-a-granel-1-kg-aprox/R-VC4AECOMM-394518/p,https://static.carrefour.es/hd_350x_/img_pim_food/394518_00_1.jpg
Queso mozzarella Italiana Carrefour 125 g.,"0,95 €","7,60 €/kg",https://www.carrefour.es/supermercado/queso-mozzarella-italiana-carrefour-125-g/R-521030590/p,https://static.carrefour.es/hd_350x_/img_pim_food/510743_00_1.jpg
Berlina glace Donuts 4 ud.,"2,85 €","13,70 €/kg",https://www.carrefour.es/supermercado/berlina-glace-donuts-4-ud/R-715505820/p,https://static.carrefour.es/hd_350x_/img_pim_food/488502_00_1.jpg
Bollito recubierto de chocolate clasicos Donettes 8 ud.,"2,75 €","18,09 €/kg",https://www.carrefour.es/supermercado/bollito-recubierto-de-chocolate-clasicos-donettes-8-ud/R-VC4AECOMM-682477/p,https://static.carrefour.es/hd_350x_/img_pim_food/682477_00_1.jpg
Zanahoria Círculo de Calidad 500 g aprox,"0,89 €","1,78 €/kg",https://www.carrefour.es/supermercado/zanahoria-circulo-de-calidad-500-g-aprox/R-fprod1420336/p,https://static.carrefour.es/hd_350x_/img_pim_food/369458_00_1.jpg
Queso de untar clásico Carrefour Classic 300 g.,"1,50 €",5 €/kg,https://www.carrefour.es/supermercado/queso-de-untar-clasico-carrefour-classic-300-g/R-804713848/p,https://static.carrefour.es/hd_350x_/img_pim_food/918951_00_1.jpg
Barra rústica 1 ud.,"0,71 €","2,84 €/kg",https://www.carrefour.es/supermercado/barra-rustica-1-ud/R-VC4AECOMM-423920/p,https://static.carrefour.es/hd_350x_/img_pim_food/423920_00_1.jpg
Pan de leche Carrefour Classic 350 g.,"1,28 €","3,66 €/kg",https://www.carrefour.es/supermercado/pan-de-leche-carrefour-classic-350-g/R-prod550021/p,https://static.carrefour.es/hd_350x_/img_pim_food/835359_00_1.jpg
Manzana golden Círculo de Calidad a granel 1 Kg aprox,"1,85 €","1,85 €/kg",https://www.carrefour.es/supermercado/manzana-golden-circulo-de-calidad-a-granel-1-kg-aprox/R-532601637/p,https://static.carrefour.es/hd_350x_/img_pim_food/261962_00_1.jpg
Arándanos Carrefour El Mercado 225 g,"4,15 €","18,44 €/kg",https://www.carrefour.es/supermercado/arandanos-carrefour-el-mercado-225-g/R-VC4AECOMM-457359/p,https://static.carrefour.es/hd_350x_/img_pim_food/457359_00_1.jpg
Pan Pannier plus mediana 300 g,"1,25 €","3,79 €/kg",https://www.carrefour.es/supermercado/pan-pannier-plus-mediana-300-g/R-prod760139/p,https://static.carrefour.es/hd_350x_/img_pim_food/859573_00_1.jpg
Borek de queso 100 g,"1,05 €","10,50 €/kg",https://www.carrefour.es/supermercado/borek-de-queso-100-g/R-fprod1460425/p,https://static.carrefour.es/hd_350x_/img_pim_food/399646_00_1.jpg
Limón Carrefour a granel 1kg aprox,"2,29 €","2,29 €/kg",https://www.carrefour.es/supermercado/limon-carrefour-a-granel-1kg-aprox/R-VC4AECOMM-100139/p,https://static.carrefour.es/hd_350x_/img_pim_food/100139_00_1.jpg
Ajo Círculo de Calidad 250 g,"2,05 €","8,20 €/kg",https://www.carrefour.es/supermercado/ajo-circulo-de-calidad-250-g/R-521031667/p,https://static.carrefour.es/hd_350x_/img_pim_food/496386_00_1.jpg
Cebolla granel Carrefour 1 kg aprox,"2,59 €","2,59 €/kg",https://www.carrefour.es/supermercado/cebolla-granel-carrefour-1-kg-aprox/R-VC4AECOMM-645285/p,https://static.carrefour.es/hd_350x_/img_pim_food/645285_00_1.jpg
Pera conferencia Carrefour 1 kg aprox,"2,59 €","2,59 €/kg",https://www.carrefour.es/supermercado/pera-conferencia-carrefour-1-kg-aprox/R-600709236/p,https://static.carrefour.es/hd_350x_/img_pim_food/394510_00_1.jpg
Kiwi Zespri 1 kg aprox,"4,95 €","4,95 €/kg",https://www.carrefour.es/supermercado/kiwi-zespri-1-kg-aprox/R-719618129/p,https://static.carrefour.es/hd_350x_/img_pim_food/243817_00_1.jpg
Ensalada cuatro estaciones Carrefour 250 g,"0,76 €","3,04 €/kg",https://www.carrefour.es/supermercado/ensalada-cuatro-estaciones-carrefour-250-g/R-521032376/p,https://static.carrefour.es/hd_350x_/img_pim_food/261721_00_1.jpg
Cogollos Carrefour 400 g,"0,99 €","2,47 €/kg",https://www.carrefour.es/supermercado/cogollos-carrefour-400-g/R-VC4AECOMM-235347/p,https://static.carrefour.es/hd_350x_/img_pim_food/235347_00_1.jpg
Mango Carrefour a granel 1 kg aprox,"4,75 €","4,75 €/kg",https://www.carrefour.es/supermercado/mango-carrefour-a-granel-1-kg-aprox/R-VC4AECOMM-430552/p,https://static.carrefour.es/hd_350x_/img_pim_food/430552_00_1.jpg
Panecillo 6 Semillas 1 ud.,"0,31 €","3,44 €/kg",https://www.carrefour.es/supermercado/panecillo-6-semillas-1-ud/R-VC4AECOMM-651739/p,https://static.carrefour.es/hd_350x_/img_pim_food/651739_00_1.jpg
Pan de Pueblo sin aditivos 1 ud.,"1,66 €","2,07 €/kg",https://www.carrefour.es/supermercado/pan-de-pueblo-sin-aditivos-1-ud/R-VC4AECOMM-433734/p,https://static.carrefour.es/hd_350x_/img_pim_food/433734_00_1.jpg
Barra con Cereales Tradicional 1 ud.,"1,03 €","3,81 €/kg",https://www.carrefour.es/supermercado/barra-con-cereales-tradicional-1-ud/R-prod231490/p,https://static.carrefour.es/hd_350x_/img_pim_food/284409_00_1.jpg
Espetec Casa Tarradellas sin gluten pack de 2 unidades de 360 g.,"5,19 €","14,42 €/kg",https://www.carrefour.es/supermercado/espetec-casa-tarradellas-sin-gluten-pack-de-2-unidades-de-360-g/R-VC4AECOMM-698150/p,https://static.carrefour.es/hd_350x_/img_pim_food/698150_00_1.jpg
Fresón tarrina origen Huelva 500 g,"2,45 €","4,90 €/kg",https://www.carrefour.es/supermercado/freson-tarrina-origen-huelva-500-g/R-521032196/p,https://static.carrefour.es/hd_350x_/img_pim_food/035923_00_1.jpg
Banana a granel 1 Kg aprox,,"1,09 €/kg",https://www.carrefour.es/supermercado/banana-a-granel-1-kg-aprox/R-529921745/p,https://static.carrefour.es/hd_350x_/img_pim_food/035834_00_1.jpg
Crema de queso Original Philadelphia 350 g.,"3,65 €","10,43 €/kg",https://www.carrefour.es/supermercado/crema-de-queso-original-philadelphia-350-g/R-704404251/p,https://static.carrefour.es/hd_350x_/img_pim_food/409343_00_1.jpg
Colas de langostino al ajillo Aguinamar 105 g,"3,49 €","33,24 €/kg",https://www.carrefour.es/supermercado/colas-de-langostino-al-ajillo-aguinamar-105-g/R-533001742/p,https://static.carrefour.es/hd_350x_/img_pim_food/114810_00_1.jpg
Barra de pan pistola Carrefour 250 g,"0,46 €","1,84 €/kg",https://www.carrefour.es/supermercado/barra-de-pan-pistola-carrefour-250-g/R-527063193/p,https://static.carrefour.es/hd_350x_/img_pim_food/216537_00_1.jpg
Queso rallado mozzarella Carrefour 200 g.,"1,59 €","7,95 €/kg",https://www.carrefour.es/supermercado/queso-rallado-mozzarella-carrefour-200-g/R-521030768/p,https://static.carrefour.es/hd_350x_/img_pim_food/710785_00_1.jpg
Baguette Carrefour 1 ud,"0,55 €","2,20 €/kg",https://www.carrefour.es/supermercado/baguette-carrefour-1-ud/R-525964668/p,https://static.carrefour.es/hd_350x_/img_pim_food/262274_00_1.jpg
Barra de pan pistola Carrefour 3 ud,"1,09 €","0,36 €/ud",https://www.carrefour.es/supermercado/barra-de-pan-pistola-carrefour-3-ud/R-575702279/p,https://static.carrefour.es/hd_350x_/img_pim_food/668138_00_1.jpg
Zanahoria Carrefour 1 kg,"0,99 €","0,99 €/kg",https://www.carrefour.es/supermercado/zanahoria-carrefour-1-kg/R-fprod1410012/p,https://static.carrefour.es/hd_350x_/img_pim_food/235422_00_1.jpg
Crema de queso light Philadelphia 350 g.,"3,65 €","10,43 €/kg",https://www.carrefour.es/supermercado/crema-de-queso-light-philadelphia-350-g/R-704404249/p,https://static.carrefour.es/hd_350x_/img_pim_food/409338_00_1.jpg
"Calabacín Carrefour a granel 1,2 kg aprox",,"1,39 €/kg",https://www.carrefour.es/supermercado/calabacin-carrefour-a-granel-12-kg-aprox/R-VC4AECOMM-431967/p,https://static.carrefour.es/hd_350x_/img_pim_food/431967_00_1.jpg
Tomate pera Carrefour 1 kg aprox,"2,05 €","2,05 €/kg",https://www.carrefour.es/supermercado/tomate-pera-carrefour-1-kg-aprox/R-VC4AECOMM-646403/p,https://static.carrefour.es/hd_350x_/img_pim_food/646403_00_1.jpg
Bacón sabor ahumado en tiras Carrefour El Mercado sin gluten pack de 2 unidades de 100 g,"2,59 €","12,95 €/kg",https://www.carrefour.es/supermercado/bacon-sabor-ahumado-en-tiras-carrefour-el-mercado-sin-gluten-pack-de-2-unidades-de-100-g/R-VC4AECOMM-710259/p,https://static.carrefour.es/hd_350x_/img_pim_food/710259_00_1.jpg
Queso rallado cuatro quesos Carrefour 200 g.,,"9,50 €/kg",https://www.carrefour.es/supermercado/queso-rallado-cuatro-quesos-carrefour-200-g/R-521030772/p,https://static.carrefour.es/hd_350x_/img_pim_food/712501_00_1.jpg
Guacamole Carrefour 200 g,"1,69 €","8,45 €/kg",https://www.carrefour.es/supermercado/guacamole-carrefour-200-g/R-prod1160715/p,https://static.carrefour.es/hd_350x_/img_pim_food/208412_00_1.jpg
Crema de queso de untar natural Philadelphia pack de 2 unidades de 250 g.,"4,89 €","9,78 €/kg",https://www.carrefour.es/supermercado/crema-de-queso-de-untar-natural-philadelphia-pack-de-2-unidades-de-250-g/R-854600355/p,https://static.carrefour.es/hd_350x_/img_pim_food/084438_00_1.jpg
Tomate ensalada 1 kg aprox,"1,95 €","1,95 €/kg",https://www.carrefour.es/supermercado/tomate-ensalada-1-kg-aprox/R-530067024/p,https://static.carrefour.es/hd_350x_/img_pim_food/050265_00_1.jpg
Pimiento verde Italiano 1 kg aprox,"2,59 €","2,59 €/kg",https://www.carrefour.es/supermercado/pimiento-verde-italiano-1-kg-aprox/R-536001616/p,https://static.carrefour.es/hd_350x_/img_pim_food/050257_00_1.jpg
Cebolla Carrefour 1 kg,"2,40 €","2,40 €/kg",https://www.carrefour.es/supermercado/cebolla-carrefour-1-kg/R-521032276/p,https://static.carrefour.es/hd_350x_/img_pim_food/235457_00_1.jpg
Queso gouda holland en lonchas Carrefour 200 g.,"1,64 €","8,20 €/kg",https://www.carrefour.es/supermercado/queso-gouda-holland-en-lonchas-carrefour-200-g/R-521030730/p,https://static.carrefour.es/hd_350x_/img_pim_food/559857_00_1.jpg
Espinacas en hojas Findus 1 kg.,"5,45 €","5,45 €/kg",https://www.carrefour.es/supermercado/espinacas-en-hojas-findus-1-kg/R-714518114/p,https://static.carrefour.es/hd_350x_/img_pim_food/435038_00_1.jpg
Patata Lavada Carrefour 1 kg aprox,"1,95 €","1,95 €/kg",https://www.carrefour.es/supermercado/patata-lavada-carrefour-1-kg-aprox/R-VC4AECOMM-572092/p,https://static.carrefour.es/hd_350x_/img_pim_food/572092_00_1.jpg
Tomate rama Carrefour 1 kg aprox,"2,05 €","2,05 €/kg",https://www.carrefour.es/supermercado/tomate-rama-carrefour-1-kg-aprox/R-530913262/p,https://static.carrefour.es/hd_350x_/img_pim_food/718723_00_1.jpg
Naranja de mesa Carrefour 1 Kg aprox,,"1,39 €/kg",https://www.carrefour.es/supermercado/naranja-de-mesa-carrefour-1-kg-aprox/R-VC4AECOMM-494114/p,https://static.carrefour.es/hd_350x_/img_pim_food/494114_00_1.jpg
Panecillo gran reserva Carrefour 1 ud,"0,32 €","4,92 €/kg",https://www.carrefour.es/supermercado/panecillo-gran-reserva-carrefour-1-ud/R-prod211488/p,https://static.carrefour.es/hd_350x_/img_pim_food/902215_00_1.jpg
Lechuga iceberg Carrefour 1 ud,,"1,62 €/kg",https://www.carrefour.es/supermercado/lechuga-iceberg-carrefour-1-ud/R-fprod1190510/p,https://static.carrefour.es/hd_350x_/img_pim_food/235341_00_1.jpg
Bacon en lonchas Carrefour El Mercado sin gluten 200 g,,"9,95 €/kg",https://www.carrefour.es/supermercado/bacon-en-lonchas-carrefour-el-mercado-sin-gluten-200-g/R-VC4AECOMM-710687/p,https://static.carrefour.es/hd_350x_/img_pim_food/710687_00_1.jpg
Baguette 2 ud,"0,96 €","1,92 €/kg",https://www.carrefour.es/supermercado/baguette-2-ud/R-584501495/p,https://static.carrefour.es/hd_350x_/img_pim_food/126922_00_1.jpg
Queso edam en lonchas Carrefour 200 g.,"1,57 €","7,85 €/kg",https://www.carrefour.es/supermercado/queso-edam-en-lonchas-carrefour-200-g/R-521030728/p,https://static.carrefour.es/hd_350x_/img_pim_food/559836_00_1.jpg
